institution_id,institution_name,acronym,type,category,subcategory,State,address,phone,url,latitude,longitude,DUN,Parliament,Indians,Indians %,Ave. Income
POLY-001,Politeknik Ungku Omar,PUO,IPTA,Politeknik,Premier,Perak,"Jalan Raja Musa Mahadi, 31400 Ipoh, Perak",05-5457622,https://www.puo.edu.my,4.5950444,101.1200255,N25 Canning,P064 Ipoh Timor,4731.0,10.9,6989
POLY-002,Politeknik Sultan Haji Ahmad Shah,POLISAS,IPTA,Politeknik,Konvensional,Pahang,"Semambu, 25350 Kuantan, Pahang",09-5655300,https://polisas.mypolycc.edu.my,3.8518849,103.3350445,N13 Semambu,P082 Indera Mahkota,7777.0,6.1,8573
POLY-003,Politeknik Sultan Abdul Halim Muadzam Shah,POLIMAS,IPTA,Politeknik,Konvensional,Kedah,"Bandar Darulaman, 06000 Jitra, Kedah",04-9146100,https://polimas.mypolycc.edu.my,6.2436651,100.4203644,N06 Jitra,P006 Kubang Pasu,2963.0,3.2,7300
POLY-004,Politeknik Kota Bharu,PKB,IPTA,Politeknik,Konvensional,Kelantan,"Km 24, Pangkal Kalong, Kok Lanas, 16450 Ketereh, Kelantan",09-7889126,https://pkb.mypolycc.edu.my,5.9228182,102.233845,N25 Kok Lanas,P026 Ketereh,49.0,0.1,5621
POLY-005,Politeknik Kuching Sarawak,PKS,IPTA,Politeknik,Konvensional,Sarawak,"Km 22, Jalan Matang, 93050 Kuching, Sarawak",082-845596,https://www.poliku.edu.my,1.5626139,110.3154584,N06 Tupong,P194 Petra Jaya,453.0,0.5,7314
POLY-006,Politeknik Port Dickson,PPD,IPTA,Politeknik,Konvensional,Negeri Sembilan,"Km 14, Jalan Pantai, 71050 Si Rusa, Negeri Sembilan",06-6622111,https://polipd.mypolycc.edu.my,2.4946812,101.8402125,N31 Bagan Pinang,P132 Port Dickson,3491.0,10.5,5756
POLY-007,Politeknik Kota Kinabalu,PKK,IPTA,Politeknik,Konvensional,Sabah,"No. 4, Jalan Politeknik, Kkip Barat, Kota Kinabalu Industrial Park, 88460 Kota Kinabalu, Sabah",088-401816,https://polikk.mypolycc.edu.my,6.0978287,116.1641841,N16 Karambunai,P171 Sepanggar,655.0,0.5,6874
POLY-008,Politeknik Sultan Salahuddin Abdul Aziz Shah,PSA,IPTA,Politeknik,Premier,Selangor,"Persiaran Usahawan, Seksyen U1, 40150 Shah Alam, Selangor",03-51634000,https://psa.mypolycc.edu.my,3.0874945,101.5572496,N32 Seri Setia,P105 Petaling Jaya,24045.0,13.7,11456
POLY-009,Politeknik Ibrahim Sultan,PIS,IPTA,Politeknik,Premier,Johor,"Km 10, Jalan Kong Kong, 81700 Pasir Gudang, Johor",07-2612488,https://pis.mypolycc.edu.my,1.504382,103.9180171,N43 Permas,P159 Pasir Gudang,14331.0,7.6,7893
POLY-010,Politeknik Seberang Perai,PSP,IPTA,Politeknik,Konvensional,Pulau Pinang,"Jalan Permatang Pauh, 13500 Permatang Pauh, Pulau Pinang",04-5383322,http://www.psp.edu.my,5.3972599,100.4174595,N10 Seberang Jaya,P044 Permatang Pauh,6710.0,7.9,6822
POLY-011,Politeknik Melaka,PMK,IPTA,Politeknik,Konvensional,Melaka,"No. 2, Jalan Ppm 10, Plaza Pandan Malim, 75250 Balai Panjang, Melaka",06-3376058,https://polimelaka.mypolycc.edu.my,2.1680253,102.427251,N27 Merlimau,P139 Jasin,2212.0,8.9,7909
POLY-012,Politeknik Kuala Terengganu,PKT,IPTA,Politeknik,Konvensional,Terengganu,"Jalan Sultan Ismail, 20200 Kuala Terengganu, Terengganu",09-6322000,https://pkt.mypolycc.edu.my,5.3306553,103.134478,N14 Bandar,P036 Kuala Terengganu,109.0,0.7,5881
POLY-013,Politeknik Sultan Mizan Zainal Abidin,PSMZA,IPTA,Politeknik,Konvensional,Terengganu,"Km 8, Jalan Paka, 23000 Dungun, Terengganu",09-8400800,https://psmza.mypolycc.edu.my,4.6342369,103.4372229,N28 Paka,P039 Dungun,57.0,0.1,7452
POLY-014,Politeknik Merlimau,PMM,IPTA,Politeknik,Konvensional,Melaka,"Km 2.5, Jalan Merlimau-Jasin, 77300 Merlimau, Melaka",06-2636687,https://pmm.mypolycc.edu.my,2.1665148,102.4305876,N27 Merlimau,P139 Jasin,2212.0,8.9,7909
POLY-015,Politeknik Sultan Azlan Shah,PSAS,IPTA,Politeknik,Konvensional,Perak,"Behrang Stesen, 35950 Behrang, Perak",05-4544431,https://www.psas.edu.my,3.7469843,101.4554128,N59 Behrang,P077 Tanjong Malim,6033.0,9.0,5587
POLY-016,Politeknik Tuanku Sultanah Bahiyah,PTSB,IPTA,Politeknik,Konvensional,Kedah,"Kulim Hi-Tech Park, 09000 Kulim, Kedah",04-4033333,https://ptsb.mypolycc.edu.my,5.4312676,100.5708797,N33 Merbau Pulas,P017 Padang Serai,12727.0,13.7,5100
POLY-017,Politeknik Sultan Idris Shah,PSIS,IPTA,Politeknik,Konvensional,Selangor,"Sungai Lang, 45100 Sungai Air Tawar, Selangor",03-32806200,https://psis.mypolycc.edu.my,3.8187608,100.8208309,N01 Sungai Air Tawar,P092 Sabak Bernam,481.0,2.7,4315
POLY-018,Politeknik Tuanku Syed Sirajuddin,PTSS,IPTA,Politeknik,Konvensional,Perlis,"Pauh Putra, 02600 Arau, Perlis",04-9886200,https://ptss.mypolycc.edu.my,6.4476485,100.3394407,N11 Pauh,P003 Arau,1850.0,4.7,5805
POLY-019,Politeknik Muadzam Shah,PMS,IPTA,Politeknik,Konvensional,Pahang,"Lebuhraya Tun Abdul Razak, 26700 Muadzam Shah, Pahang",09-4502007,https://pms.mypolycc.edu.my,3.0924756,103.0839142,N41 Muadzam Shah,P091 Rompin,637.0,2.0,4460
POLY-020,Politeknik Mukah Sarawak,PMU,IPTA,Politeknik,Konvensional,Sarawak,"Km 7.5, Jalan Oya, 96400 Mukah, Sarawak",084-874001,https://pmu.mypolycc.edu.my,2.9007283,112.0800922,N57 Tellian,P213 Mukah,23.0,0.1,5687
POLY-021,Politeknik Balik Pulau,PBU,IPTA,Politeknik,Konvensional,Pulau Pinang,"Pinang Nirai Mukim 6, 11000 Balik Pulau, Pulau Pinang",04-8689000,https://heppbu.com,5.3457777,100.2159585,N39 Pulau Betong,P053 Balik Pulau,946.0,3.5,6665
POLY-022,Politeknik Jeli,PJK,IPTA,Politeknik,Konvensional,Kelantan,"Jalan Raya Timur - Barat, 17600 Jeli, Kelantan",09-9443625,https://www.pjk.edu.my,5.7100891,101.8130823,N37 Ayer Lanas,P030 Jeli,145.0,0.4,4105
POLY-023,Politeknik Nilai,PNS,IPTA,Politeknik,Konvensional,Negeri Sembilan,"Kompleks Pendidikan Bandar Enstek, 71760 Bandar Enstek, Negeri Sembilan",06-8505853,https://pns.mypolycc.edu.my,2.7199552,101.795986,N20 Labu,P130 Rasah,6299.0,11.3,8194
POLY-024,Politeknik Banting,PBS,IPTA,Politeknik,Konvensional,Selangor,"Persiaran Ilmu, Jln Sultan Abdul Samad, 42700 Banting, Selangor",03-31201657,https://pbs.mypolycc.edu.my,2.8252068,101.4657239,N53 Morib,P112 Kuala Langat,6148.0,12.2,8965
POLY-025,Politeknik Mersing,PMJ,IPTA,Politeknik,Konvensional,Johor,"Jalan Nitar, 86800 Mersing, Johor",07-7980001,https://pmj.mypolycc.edu.my,2.4122815,103.8022722,N33 Tenggaroh,P154 Mersing,629.0,1.5,5445
POLY-026,Politeknik Hulu Terengganu,PHT,IPTA,Politeknik,Konvensional,Terengganu,"Jalan Pengkalan Gawi Tasik Kenyir, Kuala Jeneris, 21700 Kuala Berang, Hulu Terengganu, Terengganu",09-6825555,https://pht.mypolycc.edu.my,5.191983162,102.8816169,N21 Telemung,P038 Hulu Terengganu,0.0,0.0,4916
POLY-027,Politeknik Sandakan,PSS,IPTA,Politeknik,Konvensional,Sabah,"Education Hub, Batu 10, Jalan Sungai Batang, 90000 Sandakan, Sabah",089-228351,https://pss.mypolycc.edu.my,5.9201455,118.0039258,N51 Sungai Manila,P184 Libaran,16.0,0.1,5223
POLY-028,Politeknik METrO Kuala Lumpur,PMKL,IPTA,Politeknik,METrO,WP Kuala Lumpur,"No. 2-14, Jalan Setiawangsa 10, Taman Setiawangsa, 54200 Kuala Lumpur, WP Kuala Lumpur",03-42514631,https://pmkl.mypolycc.edu.my,3.1780641,101.7420106,P118 Setiawangsa,P118 Setiawangsa,12015.0,8.5,12281
POLY-029,Politeknik METrO Kuantan,PMKU,IPTA,Politeknik,METrO,Pahang,"No. A-5, Jalan Tun Ismail 2, Sri Dagangan 2, 25000 Kuantan, Pahang",09-5659009,http://www.pmku.edu.my,3.817048028,103.3283073,N14 Teruntum,P083 Kuantan,1184.0,4.3,7634
POLY-030,Politeknik METrO Johor Bahru,PMJB,IPTA,Politeknik,METrO,Johor,"No. 64, Jalan Suria 19, Taman Putera, 81100 Johor Bahru, Johor",07-3358851,https://pmjb.mypolycc.edu.my,1.5049386,103.759927,N44 Larkin,P160 Johor Bahru,6585.0,7.1,10306
POLY-031,Politeknik METrO Betong,PMBS,IPTA,Politeknik,METrO,Sarawak,"1-12, Fasa 2, Bandar Baru Betong, Jalan Bandar Baru, 95700 Betong, Sarawak",083-472676,https://www.pmbs.edu.my,1.404045207,111.5360127,N36 Layar,P204 Betong,0.0,0.0,4851
POLY-032,Politeknik METrO Tasek Gelugor,PMTG,IPTA,Politeknik,METrO,Pulau Pinang,"No.25, Jalan Komersial 2, Pusat Komersial Tasek Gelugor, 13300 Tasek Gelugor, Pulau Pinang",04-5732789,https://www.pmtg.edu.my,5.4849892,100.4899893,N04 Permatang Berangan,P042 Tasek Gelugor,1512.0,4.0,6505
POLY-033,Politeknik Tun Syed Nasir Syed Ismail,PTSN,IPTA,Politeknik,Konvensional,Johor,"Hab Pendidikan Tinggi Pagoh, Km 1, Jln Panchor, 84600 Pagoh, Muar, Johor",06-9742288,https://ptsn.mypolycc.edu.my,2.154026098,102.734832,N08 Bukit Pasir,P143 Pagoh,1908.0,3.7,6122
POLY-034,Politeknik Besut,PBT,IPTA,Politeknik,Konvensional,Terengganu,"Jalan Bukit Keluang, 22200 Besut, Terengganu",011-56563550,https://bit.ly/pelajar-baharu-polibesut,5.8010024,102.5669137,N02 Kota Putera,P033 Besut,42.0,0.1,6357
POLY-035,Politeknik Bagan Datuk,PBD,IPTA,Politeknik,Konvensional,Perak,"Jalan Bagan Datuk, 36100 Bagan Datuk, Perak",05-6081630,https://pbd.mypolycc.edu.my,3.9883012,100.7866633,N53 Rungkup,P075 Bagan Datuk,1234.0,6.5,3606
POLY-036,Politeknik Tawau,PTS,IPTA,Politeknik,Konvensional,Sabah,"Km 36, Jalan Apas Balung, 91009 Tawau, Sabah",019-3261269,https://politawau.mypolycc.edu.my,4.3707832,118.0910351,N67 Balung,P190 Tawau,93.0,0.2,5756
KKOM-001,Kolej Komuniti Teluk Intan,KKTI,IPTA,Kolej Komuniti,Kolej Komuniti,Perak,"10-20 Persiaran Intanova, Taman Intanova, 36000 Teluk Intan, Perak",05-622 2134 / 106 / 019-386 5875,https://sites.google.com/kktin.edu.my/unit-ambilan-kkti/pelajar-baharu,4.012288369,101.0406257,N55 Pasir Bedamar,P076 Teluk Intan,4693.0,13.4,5234
KKOM-002,Kolej Komuniti Chenderoh,KKC,IPTA,Kolej Komuniti,Kolej Komuniti,Perak,"Lot 43, Jalan Perindustrian Miel 2, Kawasan Perindustrian Iks, 33700 Kuala Kangsar, Perak",05-7733773 / 013-8046103,https://t.me/+d4h54EGVSOZjMmZl,4.7897218,100.8979542,N20 Lubok Merbau,P061 Padang Rengas,1337.0,6.4,8567
KKOM-003,Kolej Komuniti Gerik,KKGE,IPTA,Kolej Komuniti,Kolej Komuniti,Perak,"Bukit Nasah, 33300 Gerik, Perak",017-6747479,https://kkgerik.mypolycc.edu.my/,5.3861635,101.0571733,N03 Kenering,P055 Lenggong,197.0,0.9,5039
KKOM-004,Kolej Komuniti Sungai Siput,KKSS,IPTA,Kolej Komuniti,Kolej Komuniti,Perak,"Kampung Sungai Sejuk, Peti Surat 390, 31100 Sungai Siput (U), Perak",05-5971440 / 012-5771433,https://kksungaisiput.mypolycc.edu.my/v1,4.8516014,101.0509399,N21 Lintang,P062 Sungai Siput,4427.0,11.9,4412
KKOM-005,Kolej Komuniti Pasir Salak,KKPS,IPTA,Kolej Komuniti,Kolej Komuniti,Perak,"Jalan Lebuh Paduka, Changkat Lada, 36800 Kampung Gajah, Perak",05-6552300 / 011-13122249,kkpasirsalak.mypolycc.edu.my,4.1461237,100.9020195,N50 Kampong Gajah,P073 Pasir Salak,312.0,0.8,3641
KKOM-006,Kolej Komuniti Batu Gajah,KKBG,IPTA,Kolej Komuniti,Kolej Komuniti,Perak,"11338-11359 Jalan Bandar Baharu 2, Pusat Bandar Baru, 31000 Batu Gajah, Perak",05-3651966 / 018-9144679,https://kkbatugajah.mypolycc.edu.my,4.47391816,101.0489063,N44 Sungai Rapat,P071 Gopeng,6771.0,9.4,4795
KKOM-007,Kolej Komuniti Taiping,KKTA,IPTA,Kolej Komuniti,Kolej Komuniti,Perak,"No. 25, Laluan Kamunting 3, Bandar Kamunting, 34600 Kamunting, Perak",05-8911884 / 05-8911867 / 014-5121800,https://kktaiping.mypolycc.edu.my/index.php/muat-turun/buku-panduan,4.892334581,100.7348409,N16 Kamunting,P060 Taiping,4919.0,12.7,6434
KKOM-008,Kolej Komuniti Bagan Datuk,KKBDA,IPTA,Kolej Komuniti,Kolej Komuniti,Perak,"No. 40-51, Lorong Lagenda 2, Medaniaga Lagenda, 36400 Hutan Melintang, Perak",05-6413694 /3695 / 011-29524191,http://tiny.cc/DokumenPendaftaranDis2025,3.8857413,100.9337944,N54 Hutan Melintang,P075 Bagan Datuk,15338.0,30.5,5996
KKOM-009,Kolej Komuniti Bagan Serai,KKBS,IPTA,Kolej Komuniti,Kolej Komuniti,Perak,"No. 29, Jalan Syed Thauphy 2, 34300 Bagan Serai, Perak",05-7210020 / 011-5652 4292,https://kkbaganserai.mypolycc.edu.my/,5.009997432,100.5418892,N11 Gunong Semanggol,P058 Bagan Serai,803.0,2.7,5474
KKOM-010,Kolej Komuniti Manjung,KKMA,IPTA,Kolej Komuniti,Kolej Komuniti,Perak,"Lot 31, Persiaran PM 2/2, Pusat Bandar Seri Manjung, Seksyen 2, 32040 Manjung, Perak",05-6884526 / 013-4887704,https://kkmanjung.mypolycc.edu.my/,4.2061779,100.6737626,N38 Astaka,P068 Beruas,7295.0,15.4,7441
KKOM-011,Kolej Komuniti Kuala Kangsar,KKKK,IPTA,Kolej Komuniti,Kolej Komuniti,Perak,"No. 60-62, Bangunan MPKK, Jalan Dato Maharaja Lela, 33000 Kuala Kangsar, Perak",016-9162819 / 05-7773770,https://kkkualakangsar.mypolycc.edu.my/v2/,4.7737322,100.9429786,N34 Bukit Chandan,P067 Kuala Kangsar,835.0,3.2,5651
KKOM-012,Kolej Komuniti Tapah,KKTAP,IPTA,Kolej Komuniti,Kolej Komuniti,Perak,"Lot 9396, Wisma Chan Poh Lim, 35000 Tapah, Perak",05-4010072 / 011-17469694,https://kktapah.edu.my/portalv2/,4.1932343,101.2637354,N47 Chenderiang,P072 Tapah,4689.0,14.0,6231
KKOM-013,Kolej Komuniti Gopeng,KKG,IPTA,Kolej Komuniti,Kolej Komuniti,Perak,"Peti Surat 11, Kompleks RTC Perak, Km 16, Jalan Gopeng, Kawasan Perindustrian Gopeng 2, 31600 Gopeng, Perak",05-3571737 / 011-63486228,https://kkgopeng.mypolycc.edu.my/,4.493988617,101.1514801,N46 Teja,P071 Gopeng,3638.0,9.4,4865
KKOM-014,Kolej Komuniti Sabak Bernam,KKSB,IPTA,Kolej Komuniti,Kolej Komuniti,Selangor,"Jalan Raja Chulan, 45200 Sabak Bernam, Selangor",03-3216 3235,https://kksabakbernam.mypolycc.edu.my,3.7678915,100.9822345,N02 Sabak,P092 Sabak Bernam,1696.0,5.8,4548
KKOM-015,Kolej Komuniti Kuala Langat,KKKLA,IPTA,Kolej Komuniti,Kolej Komuniti,Selangor,"Jalan Sultan Suleiman Shah, Jugra, 42700 Banting, Selangor",03-31202030 / 019-3704733,https://kkkualalangat.mypolycc.edu.my,2.8242545,101.4476109,N53 Morib,P112 Kuala Langat,6148.0,12.2,8965
KKOM-016,Kolej Komuniti Hulu Selangor,KKHS,IPTA,Kolej Komuniti,Kolej Komuniti,Selangor,"No. 43-57, Jalan Kelah 2, Taman Perniagaan Kelah, 44300 Batang Kali, Selangor",03-60571717 / 011-13105176,https://kkhuluselangor.mypolycc.edu.my/,3.450059015,101.6644948,N07 Batang Kali,P094 Hulu Selangor,16526.0,11.0,7965
KKOM-017,Kolej Komuniti Hulu Langat,KKHL,IPTA,Kolej Komuniti,Kolej Komuniti,Selangor,"Jalan Prima Saujana 2/G, Taman Prima Saujana, 43000 Kajang, Selangor",03-87370037 / 012-6361549,http://kkhululangat.mypolycc.edu.my/,3.0097326,101.8030849,N24 Semenyih,P101 Hulu Langat,19868.0,8.8,10097
KKOM-018,Kolej Komuniti Selayang,KKSE,IPTA,Kolej Komuniti,Kolej Komuniti,Selangor,"Persiaran Pegawai, Km 16, Jalan Ipoh, 68100 Batu Caves, Selangor",03-61368200 / 013-7478773,https://kkselayang.mypolycc.edu.my/,3.2648129,101.6530162,N15 Taman Templer,P097 Selayang,12676.0,11.9,9918
KKOM-019,Kolej Komuniti Ampang,KKAM,IPTA,Kolej Komuniti,Kolej Komuniti,Selangor,"Lot Pt 3890, 25 & 27, Jalan Bukit Indah 4, Taman Bukit Indah, 68000 Ampang, Selangor",017-8218081,https://kkampang.mypolycc.edu.my/,3.152915058,101.7754649,N20 Lembah Jaya,P099 Ampang,5572.0,7.4,13574
KKOM-020,Kolej Komuniti Kelana Jaya,KKKJ,IPTA,Kolej Komuniti,Kolej Komuniti,Selangor,"No. 2, Jalan PJS 5/28b, Petaling Jaya Commercial City, 46150 Petaling Jaya, Selangor",03-77720259 / 011-67098604,https://kkkelanajaya.mypolycc.edu.my/,3.076808,101.6238407,N32 Seri Setia,P105 Petaling Jaya,24045.0,13.7,11456
KKOM-021,Kolej Komuniti Tanjung Karang,KKTK,IPTA,Kolej Komuniti,Kolej Komuniti,Selangor,"Jalan PB 1, Pusat Bandar Tanjong Karang, 45500 Tanjong Karang, Selangor",012-2611354,https://kktanjongkarang.mypolycc.edu.my/ atau https://maslinadoraji.com/kktk,3.4257473,101.1771884,N08 Sungai Burong,P095 Tanjong Karang,427.0,1.7,5334
KKOM-022,Kolej Komuniti Klang,KKKLAN,IPTA,Kolej Komuniti,Kolej Komuniti,Selangor,"No. 2680, Persiaran Tengku Ampuan Rahimah, Taman Lipat Kajang, 41200 Klang, Selangor",03-33732030 / 011-13007697,https://kkklang.mypolycc.edu.my/,3.0273241,101.442115,N47 Pandamaran,P110 Klang,20633.0,26.4,11820
KKOM-023,Kolej Komuniti Shah Alam,KKSA,IPTA,Kolej Komuniti,Kolej Komuniti,Selangor,"D/A Politeknik Sultan Salahuddin Abdul Aziz Shah, Persiaran Usahawan, Sejsyen U1, 40150 Shah Alam, Selangor",03-55618400,https://kkshahalam.mypolycc.edu.my,3.084680067,101.5568947,N32 Seri Setia,P105 Petaling Jaya,24045.0,13.7,11456
KKOM-024,Kolej Komuniti Kuala Langat Cawangan Sepang,KKKLCS,IPTA,Kolej Komuniti,Kolej Komuniti,Selangor,"Wisma Aziz Dan Rahmah, Jalan Warisan Putra 1, Taman Warisan Putra, 43800 Dengkil, Selangor",03-87501788,https://kksepang.mypolycc.edu.my/,2.885514301,101.727569,N55 Dengkil,P113 Sepang,20677.0,8.2,12381
KKOM-025,Kolej Komuniti Kuantan,KKKU,IPTA,Kolej Komuniti,Kolej Komuniti,Pahang,"B24, Jalan IM 3/13, Bandar Indera Mahkota, 25200 Kuantan, Pahang",09-5721310 / 09-5721326,https://kkkuantan.mypolycc.edu.my/,3.8233676,103.2799646,N13 Semambu,P082 Indera Mahkota,7777.0,6.1,8573
KKOM-026,Kolej Komuniti Bentong,KKBE,IPTA,Kolej Komuniti,Kolej Komuniti,Pahang,"Km 6, Karak Setia, 28600 Karak, Pahang",09-2319460 / 2319463 / 2319464 / 019-9790428,https://kkbentong.mypolycc.edu.my/,3.432379,102.0535323,N35 Sabai,P089 Bentong,3625.0,18.5,4947
KKOM-027,Kolej Komuniti Temerloh,KKTE,IPTA,Kolej Komuniti,Kolej Komuniti,Pahang,"By Pass Batu 2, Jalan Temerloh, Kg. Chatin Ulu, 28400 Mentakab, Pahang",016-2012114 / 09-2701550 / 1557,https://kktemerloh.mypolycc.edu.my/,3.464208,102.3470965,N30 Mentakab,P088 Temerloh,4718.0,9.4,5283
KKOM-028,Kolej Komuniti Paya Besar,KKPB,IPTA,Kolej Komuniti,Kolej Komuniti,Pahang,"Batu 19, Jalan Maran, 26300 Gambang, Pahang",09-5498811 / 010-3340630,https://kkpayabesar.mypolycc.edu.my,3.72482761,103.0724648,N18 Lepar,P084 Paya Besar,1025.0,2.2,6184
KKOM-029,Kolej Komuniti Rompin,KKRO,IPTA,Kolej Komuniti,Kolej Komuniti,Pahang,"Km 5, Jalan Pekan Rompin, 26800 Kuala Rompin, Pahang",011-30227583,https://kkrompin.mypolycc.edu.my/,2.8178467,103.4428925,N42 Tioman,P091 Rompin,99.0,0.3,4947
KKOM-030,Kolej Komuniti Pekan,KKPE,IPTA,Kolej Komuniti,Kolej Komuniti,Pahang,"Jalan Pekan-Kuantan, Peramu Jaya, 26600 Pekan, Pahang",09-4264000,https://kkpekan.mypolycc.edu.my/,3.553699,103.3803049,N21 Peramu Jaya,P085 Pekan,688.0,1.2,5560
KKOM-031,Kolej Komuniti Jerantut,KKJE,IPTA,Kolej Komuniti,Kolej Komuniti,Pahang,"Taman Wawasan, Jalan Jerantut-Temerloh, 27000 Jerantut, Pahang",09-2662945 / 013-3222914,https://kkjerantut.mypolycc.edu.my,3.93111505,102.3817475,N10 Damak,P081 Jerantut,2083.0,4.6,4710
KKOM-032,Kolej Komuniti Raub,KKRA,IPTA,Kolej Komuniti,Kolej Komuniti,Pahang,"No. 11-19, Taman Amalina Lestari, Simpang Kallang, 27600 Raub, Pahang",019-9141646,,3.81093029,101.8681932,N07 Tras,P080 Raub,3727.0,7.6,5322
KKOM-033,Kolej Komuniti Bera,KKBER,IPTA,Kolej Komuniti,Kolej Komuniti,Pahang,"No. 1, Jalan Bera Jaya 2, Taman Bera Jaya, 28300 Triang, Pahang",017-9143064,https://kolejkomunitibera.weeblysite.com/,3.257478027,102.4306865,N38 Triang,P090 Bera,2112.0,5.2,4379
KKOM-034,Kolej Komuniti Kok Lanas,KKKL,IPTA,Kolej Komuniti,Kolej Komuniti,Kelantan,"Kok Lanas, 16450 Ketereh, Kelantan",013-9314175,https://kkkoklanas.mypolycc.edu.my/,5.9238769,102.2487102,N25 Kok Lanas,P026 Ketereh,49.0,0.1,5621
KKOM-035,Kolej Komuniti Jeli,KKJEL,IPTA,Kolej Komuniti,Kolej Komuniti,Kelantan,"Lot 2396, Kg. Chedok, Bukit Bunga, 17500 Tanah Merah, Kelantan",012-6874184,https://kkjeli.mypolycc.edu.my/,5.825961119,101.8963738,N36 Bukit Bunga,P030 Jeli,0.0,0.0,3469
KKOM-036,Kolej Komuniti Pasir Mas,KKPM,IPTA,Kolej Komuniti,Kolej Komuniti,Kelantan,"Pt 3302-3307, Taman Seri Kota, Pasir Pekan Wakaf Bharu, 16250 Tumpat, Kelantan",09-7185911 / 011-65232600 / 019-9539195,https://kkpasirmas.mypolycc.edu.my,6.1202502,102.2166102,N03 Pasir Pekan,P019 Tumpat,49.0,0.1,5506
KKOM-037,Kolej Komuniti Pasir Mas Cawangan Rantau Panjang,KKPMCRP,IPTA,Kolej Komuniti,Kolej Komuniti,Kelantan,"Lot 4471 & 4472 (Pt 3113 & 3114), Lebuhraya Rantau Panjang, 17200 Rantau Panjang, Kelantan",09-7185911 / 011-65232600 / 019-9539195,https://kkpasirmas.mypolycc.edu.my,6.000014929,102.0225129,N15 Gual Periok,P023 Rantau Panjang,0.0,0.0,3527
KKOM-038,Kolej Komuniti Segamat,KKSEG,IPTA,Kolej Komuniti,Kolej Komuniti,Johor,"No. 24-34, Jalan Putra 1/1, Bandar Putra, 85000 Segamat, Johor",07-9431633 / 018-7602024,https://kksegamat.mypolycc.edu.my/,2.4939265,102.8648656,N04 Kemelah,P141 Sekijang,2694.0,6.0,5984
KKOM-039,Kolej Komuniti Ledang,KKLE,IPTA,Kolej Komuniti,Kolej Komuniti,Johor,"Km 5, Jalan Payamas, 84900 Tangkak, Johor",06-9789295 / 016-9163286,https://kkledang.mypolycc.edu.my/,2.2668507,102.5390925,N10 Tangkak,P144 Ledang,5409.0,10.0,7036
KKOM-040,Kolej Komuniti Bandar Penawar,KKBPE,IPTA,Kolej Komuniti,Kolej Komuniti,Johor,"Jalan Ungku Abdul Aziz, Bandar Penawar, 81930 Kota Tinggi, Johor",07-8225800 samb. 222 / 010-8225875 / 013-7000026,http://kkbandarpenawar.mypolycc.edu.my/,1.5637639,104.2200504,N38 Penawar,P157 Pengerang,193.0,0.5,7520
KKOM-041,Kolej Komuniti Segamat 2,KKS2,IPTA,Kolej Komuniti,Kolej Komuniti,Johor,"Km 4, Jalan Jementah, Batu Anam, 85100 Segamat, Johor",07-9498227 / 017-2104988,https://kksegamat2.mypolycc.edu.my/,2.562397,102.7141005,N02 Jementah,P140 Segamat,3527.0,8.3,6726
KKOM-042,Kolej Komuniti Pasir Gudang,KKPG,IPTA,Kolej Komuniti,Kolej Komuniti,Johor,"No. 61, Jalan Kijang, Taman Scientex, 81700 Pasir Gudang, Johor",07-2525316 / 07-2525626 / 012-7315489,https://kkpasirgudang.mypolycc.edu.my/,1.4957498,103.9130993,N43 Permas,P159 Pasir Gudang,14331.0,7.6,7893
KKOM-043,Kolej Komuniti Kluang,KKKLU,IPTA,Kolej Komuniti,Kolej Komuniti,Johor,"Jalan 7, Taman Delima, 86000 Kluang, Johor",07-7733505 / 013-7699023,https://kkkluang.mypolycc.edu.my/,2.009463365,103.3101758,N28 Mengkibol,P152 Kluang,9783.0,10.2,6390
KKOM-044,Kolej Komuniti Batu Pahat,KKBP,IPTA,Kolej Komuniti,Kolej Komuniti,Johor,"Jalan EH 1, Evergreen Height, 83000 Batu Pahat, Johor",07-4284410 / 013-7598690,https://kkbatupahat.mypolycc.edu.my/,1.804306,102.9641513,N24 Senggarang,P150 Batu Pahat,265.0,0.6,6952
KKOM-045,Kolej Komuniti Muar,KKMU,IPTA,Kolej Komuniti,Kolej Komuniti,Johor,"No. 27-37 Pusat Perniagaan Sulaiman, Jalan Sulaiman, 84000 Muar, Johor",06-9533966,https://kkmuar.mypolycc.edu.my/,2.038955193,102.5731385,N12 Bentayan,P145 Bakri,920.0,2.7,8427
KKOM-046,Kolej Komuniti Bandar Tenggara,KKBT,IPTA,Kolej Komuniti,Kolej Komuniti,Johor,"No. 65-67, Jalan Anggerik 3/1, Taman Anggerik Tenggara, 81440 Bandar Tenggara, Johor",07-8961361 / 013-7710831,https://kkbandartenggara.mypolycc.edu.my/,1.843949729,103.6213491,N34 Panti,P155 Tenggara,1990.0,3.9,7107
KKOM-047,Kolej Komuniti Tanjung Piai,KKTP,IPTA,Kolej Komuniti,Kolej Komuniti,Johor,"No. 45-47, Jalan Delima, Pusat Perdagangan Pontian, 82000 Pontian, Johor",07-6869600 / 010-2227220,https://kktanjungpiai.mypolycc.edu.my/,1.478429799,103.3879235,N54 Pulai Sebatang,P164 Pontian,449.0,0.9,7080
KKOM-048,Kolej Komuniti Pagoh,KKPA,IPTA,Kolej Komuniti,Kolej Komuniti,Johor,"No. 1-6, Jalan Pagoh Jaya 1/5, Taman Pagoh, 84500 Muar, Johor",06-9736001 / 6003,https://kkpagoh.mypolycc.edu.my/file/BUKU_PANDUAN_PENDAFTARAN_SESI_2_2025_2026.pdf,,,N08 Bukit Pasir,P143 Pagoh,1908.0,3.7,6122
KKOM-049,Kolej Komuniti Kota Tinggi,KKKTI,IPTA,Kolej Komuniti,Kolej Komuniti,Johor,"Lot 549, No. 1A, Jalan Abdullah, 81900 Kota Tinggi, Johor",07-8821434 / 010-2203431,https://kkkotatinggi.mypolycc.edu.my/,1.565357,104.2186967,N38 Penawar,P157 Pengerang,193.0,0.5,7520
KKOM-050,Kolej Komuniti Bandar Penawar Cawangan Gelang Patah,KKBPCGP,IPTA,Kolej Komuniti,Kolej Komuniti,Johor,"Nusa Bayu Commercial Center, Jalan Nusa Bayu 1/2, Taman Nusa Bayu, 79200 Iskandar Puteri, Johor",07-5964159,http://kkgelangpatah.mypolycc.edu.my,1.482339625,103.5943949,N49 Kota Iskandar,P162 Iskandar Puteri,33588.0,11.8,1127
KKOM-051,Kolej Komuniti Bandar Darulaman,KKBD,IPTA,Kolej Komuniti,Kolej Komuniti,Kedah,"No. 17, Bandar Darulaman Jaya, 06000 Jitra, Kedah",011-31470889,https://kkbandardarulaman.mypolycc.edu.my/,6.2436651,100.4203644,N06 Jitra,P006 Kubang Pasu,2963.0,3.2,7300
KKOM-052,Kolej Komuniti Sungai Petani,KKSP,IPTA,Kolej Komuniti,Kolej Komuniti,Kedah,"No. 77, Lengkok Cempaka 1, Pusat Bandar Amanjaya, 08000 Sungai Petani, Kedah",04-4412909 / 3909 / 017-4631364,https://kksungaipetani.mypolycc.edu.my/,5.3805433,100.4645682,N12 Penanti,P044 Permatang Pauh,378.0,1.2,6100
KKOM-053,Kolej Komuniti Kulim,KKKUL,IPTA,Kolej Komuniti,Kolej Komuniti,Kedah,"Jalan Kota Kenari 2, Taman Kota Kenari, 09000 Kulim, Kedah",04-4900412,https://kkkulim.mypolycc.edu.my/,5.3707719,100.5684769,N35 Kulim,P018 Kulim-Bandar Baharu,10660.0,14.7,6126
KKOM-054,Langkawi Tourism Academy @ Kolej Komuniti Langkawi,KKL,IPTA,Kolej Komuniti,Kolej Komuniti,Kedah,"Jalan Pantai Chenang, Mukim Kedawang, 07000 Langkawi, Kedah",04-9555909,https://ltakklangkawi.mypolycc.edu.my/,6.3180651,99.7255872,N02 Kuah,P004 Langkawi,910.0,1.9,7193
KKOM-055,Kolej Komuniti Baling,KKBA,IPTA,Kolej Komuniti,Kolej Komuniti,Kedah,"Batu 42, Mukim Pulai, 09100 Baling, Kedah",04-4708768 samb.122 / 017-4867448,https://kkbaling.mypolycc.edu.my/index.php/muat-turun,5.655943868,100.8730216,N31 Kupang,P016 Baling,380.0,0.8,4477
KKOM-056,Kolej Komuniti Padang Terap,KKPT,IPTA,Kolej Komuniti,Kolej Komuniti,Kedah,"Taman Belimbing Indah, 06300 Kuala Nerang, Kedah",04-7903811,https://kkpadangterap.mypolycc.edu.my/,6.2494547,100.596302,N07 Kuala Nerang,P007 Padang Terap,0.0,0.0,5255
KKOM-057,Kolej Komuniti Sik,KKSI,IPTA,Kolej Komuniti,Kolej Komuniti,Kedah,"No. 28-A, Pusat Perniagaan Alamanda, 08200 Sik, Kedah",04-4693101 / 013-3999303,https://sites.google.com/kksik.edu.my/ambilan-kolej-komuniti-sik/permohonan,5.8149795,100.7402325,N23 Belantek,P013 Sik,57.0,0.2,4615
KKOM-058,Kolej Komuniti Bandar Darulaman Cawangan Jerlun,KKBDCJ,IPTA,Kolej Komuniti,Kolej Komuniti,Kedah,"No. 1, Tingkat Bawah, Taman Seri Kodiang, 06100 Kodiang, Kedah",04-9250519 / 011-31470889,https://kkjerlun.mypolycc.edu.my/,6.244976338,100.4207224,N06 Jitra,P006 Kubang Pasu,2963.0,3.2,7300
KKOM-059,Kolej Komuniti Bandar Baharu,KKBBA,IPTA,Kolej Komuniti,Kolej Komuniti,Kedah,"No. 1, Jalan Syariah, 34950 Bandar Baharu, Kedah",011-31743123,https://kkbandarbaharu.mypolycc.edu.my/,5.1313865,100.4951386,N36 Bandar Baharu,P018 Kulim-Bandar Baharu,2630.0,6.1,4959
KKOM-060,Kolej Komuniti Jerai,KKJER,IPTA,Kolej Komuniti,Kolej Komuniti,Kedah,"Lot 7, Jalan Delima 1, Taman Delima, 08800 Guar Chempedak, Kedah",04-4682704 / 018-9164948,https://kkjerai.mypolycc.edu.my/,5.8537594,100.4454965,N21 Guar Chempedak,P012 Jerai,37.0,0.1,4390
KKOM-061,Kolej Komuniti Bukit Beruang,KKBBE,IPTA,Kolej Komuniti,Kolej Komuniti,Melaka,"No. 23, Jalan Bbi 1, Taman Bukit Beruang Indah, 75450 Bukit Beruang, Melaka",06-2332770 / 019-7090581,https://kkbukitberuang.mypolycc.edu.my/,2.2557171,102.2783666,N16 Ayer Keroh,P137 Hang Tuah Jaya,4480.0,7.2,9063
KKOM-062,Kolej Komuniti Masjid Tanah,KKMT,IPTA,Kolej Komuniti,Kolej Komuniti,Melaka,"Paya Rumput, 78300 Masjid Tanah, Melaka",06-3843703,https://kkmasjidtanah.mypolycc.edu.my,2.3643469,102.0921075,N03 Ayer Limau,P134 Masjid Tanah,666.0,4.2,6836
KKOM-063,Kolej Komuniti Selandar,KKSEL,IPTA,Kolej Komuniti,Kolej Komuniti,Melaka,"Jalan Batang Melaka, 77500 Selandar, Melaka",06-5253122 / 5253155,https://kkselandar.mypolycc.edu.my/,2.4738878,102.4157442,N10 Asahan,P135 Alor Gajah,1500.0,9.9,6197
KKOM-064,Kolej Komuniti Jasin,KKJA,IPTA,Kolej Komuniti,Kolej Komuniti,Melaka,"Km 24, Taman Iks Merlimau, Jalan Muar, 77300 Merlimau, Melaka",06-2631616,https://kkjasin.mypolycc.edu.my/,2.3999969,102.3840111,N10 Asahan,P135 Alor Gajah,1500.0,9.9,6197
KKOM-065,Kolej Komuniti Kota Melaka,KKKME,IPTA,Kolej Komuniti,Kolej Komuniti,Melaka,"No. 5, Kompleks Kesidang, Jalan Tun Perak, 75450 Melaka, Melaka",06-3361220 / 012-6109912,https://kkkotamelaka.mypolycc.edu.my/,2.221184,102.2357537,N20 Kota Laksamana,P138 Kota Melaka,1292.0,4.1,8451
KKOM-066,Kolej Komuniti Tangga Batu,KKTB,IPTA,Kolej Komuniti,Kolej Komuniti,Melaka,"Lot 423, Jalan SS 1, Taman Sayang Selasih, 75200 Klebang, Melaka",06-3152952 / 016-8287418,https://kktanggabatu.mypolycc.edu.my,2.219750608,102.1925088,N14 Kelebang,P136 Tangga Batu,627.0,1.7,6536
KKOM-067,Kolej Komuniti Jempol,KKJEM,IPTA,Kolej Komuniti,Kolej Komuniti,Negeri Sembilan,"Taman Industri Mahsan, Km 5, Jalan Mahsan, 72100 Bahau, Negeri Sembilan",013-6664220,https://kkjempol.mypolycc.edu.my/,2.8470575,102.4074744,N05 Serting,P127 Jempol,2090.0,7.5,4471
KKOM-068,Kolej Komuniti Jelebu,KKJ,IPTA,Kolej Komuniti,Kolej Komuniti,Negeri Sembilan,"Jalan Seperi, 71600 Kuala Klawang, Negeri Sembilan",06-6138381 / 011-1857 8120,https://kkjelebu.mypolycc.edu.my/,2.9605827,102.0586477,N01 Chennah,P126 Jelebu,489.0,3.2,5051
KKOM-069,Kolej Komuniti Rembau,KKR,IPTA,Kolej Komuniti,Kolej Komuniti,Negeri Sembilan,"Lot Pt 2565-2579, Taman Pinggiran Pedas, 71400 Pedas, Negeri Sembilan",010-4017811,https://kkrembau.mypolycc.edu.my/,2.575099683,102.0454015,N26 Chembong,P131 Rembau,2833.0,8.8,5771
KKOM-070,Kolej Komuniti Tampin,KKTAM,IPTA,Kolej Komuniti,Kolej Komuniti,Negeri Sembilan,"No. 99-100, Jalan Impian Nuri 3, Taman Impian Jaya, 73200 Gemencheh, Negeri Sembilan",06-4316029 / 017-4897946,https://kktampin.mypolycc.edu.my/,2.3999969,102.3840111,N10 Asahan,P135 Alor Gajah,1500.0,9.9,6197
KKOM-071,Kolej Komuniti Kuala Pilah,KKKP,IPTA,Kolej Komuniti,Kolej Komuniti,Negeri Sembilan,"Jalan 4, Taman Pilah Jaya, 72000 Kuala Pilah, Negeri Sembilan",011-55576925,https://kkkualapilah.mypolycc.edu.my/,2.7456675,102.2595978,N17 Senaling,P129 Kuala Pilah,389.0,5.1,4294
KKOM-072,Kolej Komuniti Kepala Batas,KKKB,IPTA,Kolej Komuniti,Kolej Komuniti,Pulau Pinang,"No. 87, Lorong Bertam Indah 1, Taman Bertam Indah, 13200 Kepala Batas, Pulau Pinang",04-5792300 / 011-17892300,https://kkkepalabatas.mypolycc.edu.my/v1/,5.5190703,100.4397807,N03 Pinang Tunggal,P041 Kepala Batas,2627.0,4.3,7036
KKOM-073,Kolej Komuniti Bayan Baru,KKBB,IPTA,Kolej Komuniti,Kolej Komuniti,Pulau Pinang,"No. 2, Persiaran Paya Terubong 1, 11900 Bayan Lepas, Pulau Pinang",017-6067216,https://kkbayanbaru.mypolycc.edu.my/index.php/muatturun/garis-panduan/bahagian-ambilan-dan-pembangunan-pelajar,5.3324278,100.2792443,N34 Paya Terubong,P051 Bukit Gelugor,12803.0,10.7,7986
KKOM-074,Kolej Komuniti Seberang Jaya,KKSJ,IPTA,Kolej Komuniti,Kolej Komuniti,Pulau Pinang,"Lot Pt 2811-2822, Lorong Desa Pauh 1, Taman Desa Pauh, 13700 Perai, Pulau Pinang",04-3902897,https://kkseberangjaya.mypolycc.edu.my/v1/,5.3788762,100.4196858,N10 Seberang Jaya,P044 Permatang Pauh,6710.0,7.9,6822
KKOM-075,Kolej Komuniti Nibong Tebal,KKNT,IPTA,Kolej Komuniti,Kolej Komuniti,Pulau Pinang,"No. 2, Jalan Tasek SS1, Bandar Tasek Mutiara, 14120 Simpang Ampat, Pulau Pinang",04-5082284,https://kknibongtebal.mypolycc.edu.my/,5.2842277,100.4804074,N20 Sungai Bakap,P047 Nibong Tebal,8541.0,15.2,6273
KKOM-076,Kolej Komuniti Bukit Mertajam,KKBM,IPTA,Kolej Komuniti,Kolej Komuniti,Pulau Pinang,"No. 2, Jalan Koperasi, Taman Koperasi Guru, Jalan Tanah Liat, 14000 Bukit Mertajam, Pulau Pinang",04-5378349 / 012-5322808,https://kkbukitmertajam.mypolycc.edu.my/,5.3805433,100.4645682,N12 Penanti,P044 Permatang Pauh,378.0,1.2,6100
KKOM-077,Kolej Komuniti Tasek Gelugor,KKTG,IPTA,Kolej Komuniti,Kolej Komuniti,Pulau Pinang,"Lot 4812, Jalan Tasek Gelugor, Kampung Selamat, 13300 Tasek Gelugor, Pulau Pinang",04-5731453,https://kktasekgelugor.mypolycc.edu.my/,5.4969969,100.5200574,N04 Permatang Berangan,P042 Tasek Gelugor,1512.0,4.0,6505
KKOM-078,Kolej Komuniti Kuching,KKKUC,IPTA,Kolej Komuniti,Kolej Komuniti,Sarawak,"Lot 3563, Sego Centre, Jalan Sultan Tengah, Petra Jaya, 93050 Kuching, Sarawak",082-313322 / 313321 / 313323,https://kkkuching.mypolycc.edu.my/v1/index.php/,1.4166866,110.1561153,N02 Tasik Biru,P192 Mas Gading,58.0,0.2,5511
KKOM-079,Kolej Komuniti Mas Gading,KKMG,IPTA,Kolej Komuniti,Kolej Komuniti,Sarawak,"Lot 742-750, Off Parent Lot 726, Bau Town District, 94000 Bau, Sarawak",019-8982549,https://kkmasgading.mypolycc.edu.my/,1.4166866,110.1561153,N02 Tasik Biru,P192 Mas Gading,58.0,0.2,5511
KKOM-080,Kolej Komuniti Miri,KKM,IPTA,Kolej Komuniti,Kolej Komuniti,Sarawak,"5600 Jalan Permyjaya Utama, Pusat Bandar Permyjaya, 98000 Miri, Sarawak",017-5505132,https://kkmiri.mypolycc.edu.my/,4.4516443,114.035486,N75 Senadin,P219 Miri,366.0,0.3,7432
KKOM-081,Kolej Komuniti Sarikei,KKSAR,IPTA,Kolej Komuniti,Kolej Komuniti,Sarawak,"No. 7 & 8, Lot 2101 Dan 2102, Blok 36 Jalan Sentral, 96100 Sarikei, Sarawak",084-659101 / 013-5622433,https://kksarikei.mypolycc.edu.my/,2.132710081,111.5220299,N46 Meradong,P208 Sarikei,0.0,0.0,4050
KKOM-082,Kolej Komuniti Santubong,KKSAN,IPTA,Kolej Komuniti,Kolej Komuniti,Sarawak,"Sublot 37-40, Blok B, Pusat Komersial Demak Laut, Jalan Bako 93050 Kuching, Sarawak",016-8672872,https://kksantubong.mypolycc.edu.my/,1.587374687,110.4178158,N05 Demak Laut,P193 Santubong,44.0,0.1,5164
KKOM-083,Kolej Komuniti Sarikei Cawangan Sibu,KKSCS,IPTA,Kolej Komuniti,Kolej Komuniti,Sarawak,"Lot 2577 - 2580, Lorong Wawasan 11f, Campus Park, 96000 Sibu, Sarawak",084-231590 / 013-5622433,https://kksibu.mypolycc.edu.my/,2.342224302,111.8255018,N55 Nangka,P212 Sibu,143.0,0.2,6476
KKOM-084,Kolej Komuniti Betong,KKBET,IPTA,Kolej Komuniti,Kolej Komuniti,Sarawak,"Lot 2025 (Sublot 16 (Aras Bawah) - Sublot 17), Lot 2026-2027, Block 9, Batu Api Land District (Fasa 2), 95700 Betong, Sarawak",083-471830,https://kkbetong.mypolycc.edu.my/,1.4036358,111.5363862,N36 Layar,P204 Betong,0.0,0.0,4851
KKOM-085,Kolej Komuniti Arau,KKA,IPTA,Kolej Komuniti,Kolej Komuniti,Perlis,"Jalan Tengku Budriah, Tambun Tulang, 02600 Arau, Perlis",04-9869800 / 019-4261953,https://kkarau.mypolycc.edu.my,6.379593316,100.239724,N12 Tambun Tulang,P003 Arau,275.0,1.4,5670
KKOM-086,Kolej Komuniti Arau Cawangan Kangar,KKACK,IPTA,Kolej Komuniti,Kolej Komuniti,Perlis,"Lot 7,8,9,10,11, Blok B, Kompleks Niaga Pkenps, Jalan Raja Syed Alwi, 01000 Kangar, Perlis",04-9869800 / 019-4261953,https://kkarau.mypolycc.edu.my,6.435714911,100.1956007,N08 Indera Kayangan,P002 Kangar,374.0,2.3,6042
KKOM-087,Kolej Komuniti Tawau,KKTAW,IPTA,Kolej Komuniti,Kolej Komuniti,Sabah,"Batu 4, Jalan Apas, Perdana Square Commercial Centre (Peti Surat 61607), 91000 Tawau, Sabah",089-913400,https://kktawau.mypolycc.edu.my/,4.2537172,117.9211182,N69 Sri Tanjong,P190 Tawau,196.0,0.4,7425
KKOM-088,Kolej Komuniti Lahad Datu,KKLD,IPTA,Kolej Komuniti,Kolej Komuniti,Sabah,"Mdld 7211, Lot 246-255, Bandar Sri Perdana, Jalan Silam, 91110 Lahad Datu, Sabah",016-8454298,https://kklahaddatu.mypolycc.edu.my/,5.026765018,118.2939216,N61 Segama,P188 Lahad Datu,294.0,0.4,6598
KKOM-089,Kolej Komuniti Sandakan,KKS,IPTA,Kolej Komuniti,Kolej Komuniti,Sabah,"Blok B4 - B5, Bandar Labuk Jaya, Batu 7, Jalan Labuk, 90000 Sandakan, Sabah",089-226370 / 011-72589732,https://kksandakan.mypolycc.edu.my/,5.881021257,118.0488804,N02 Kuah,P004 Langkawi,910.0,1.9,7193
KKOM-090,Kolej Komuniti Beaufort,KKB,IPTA,Kolej Komuniti,Kolej Komuniti,Sabah,"Jalan Melalugus, 89807 Beaufort, Sabah",087-212528 / 017-3324713,http://kkbeaufort.mypolycc.edu.my/,5.3648555,115.7172575,N32 Klias,P177 Beaufort,78.0,0.3,4569
KKOM-091,Kolej Komuniti Tambunan,KKT,IPTA,Kolej Komuniti,Kolej Komuniti,Sabah,"Jalan Batu Gong, Peti Surat 405, 89657 Tambunan, Sabah",087-774 487 / 010-2853600,https://kktambunan.mypolycc.edu.my/,5.620607048,116.3305624,N39 Tambunan,P180 Keningau,0.0,0.0,4826
KKOM-092,Kolej Komuniti Penampang,KKPEN,IPTA,Kolej Komuniti,Kolej Komuniti,Sabah,"Lot 5-8, Blok B, Wisma Malakun, Jalan Ramayah-Putatan, 89500 Penampang, Sabah",088-760951 / 012-6077091,https://kkpenampang.mypolycc.edu.my/index.php,5.886897867,116.0831027,N26 Moyog,P174 Penampang,99.0,0.2,6502
KKOM-093,Kolej Komuniti Kota Marudu,KKKM,IPTA,Kolej Komuniti,Kolej Komuniti,Sabah,"Blok B1,2, Blok C 1-6, Jaya Industrial Centre, 89108 Kota Marudu, Sabah",088-663693 / 014-5516126,https://kkkotamarudu.mypolycc.edu.my/,6.494637907,116.7719858,N06 Bandau,P168 Kota Marudu,0.0,0.0,3356
KKOM-094,Kolej Komuniti Papar,KKP,IPTA,Kolej Komuniti,Kolej Komuniti,Sabah,"Lot 32 - 41, Sri Alam Perdana Commercial Centre, 89600 Papar, Sabah",014-3735344,https://sites.google.com/view/kolej-komuniti-papar/home,5.730481493,115.9271396,N29 Pantai Manis,P175 Papar,23.0,0.1,5910
KKOM-095,Kolej Komuniti Semporna,KKSEM,IPTA,Kolej Komuniti,Kolej Komuniti,Sabah,"Lot C7-C9, Blok C, Bandar Utama, Jalan Bubul, Peti Surat 402, 91308 Semporna, Sabah",017-9114721 / 089-782300,https://kksemporna.mypolycc.edu.my/,4.477904298,118.608804,N65 Senallang,P189 Semporna,37.0,0.1,6882
KKOM-096,Kolej Komuniti Kuala Terengganu,KKKT,IPTA,Kolej Komuniti,Kolej Komuniti,Terengganu,"Jalan Tengku Ampuan Mariam, 20200 Kuala Terengganu, Terengganu",09-6204200 / 011-11780782,https://kkkualaterengganu.mypolycc.edu.my/,5.2682377,103.163084,N16 Batu Buruk,P036 Kuala Terengganu,47.0,0.1,6689
KKOM-097,Kolej Komuniti Besut,KKBES,IPTA,Kolej Komuniti,Kolej Komuniti,Terengganu,"Tingkat 2 & 3, Bangunan Baitul Ehsan, Jalan Besar Jerteh, 22000 Besut, Terengganu",09-6972080,https://kkbesut.mypolycc.edu.my/,5.7379834,102.4947165,N03 Jertih,P033 Besut,30.0,0.1,5857
KKOM-098,Kolej Komuniti Kemaman,KKK,IPTA,Kolej Komuniti,Kolej Komuniti,Terengganu,"K148-E, Bangunan Majlis Perbandaran Kemaman, 24100 Kijal, Kemaman, Terengganu",09-8599330 / 019-2699878,https://kkkemaman.mypolycc.edu.my/,4.3361486,103.4785885,N30 Kijal,P040 Kemaman,50.0,0.1,7908
KKOM-099,Kolej Komuniti Kuala Terengganu Cawangan Kuala Nerus,KKKTCKN,IPTA,Kolej Komuniti,Kolej Komuniti,Terengganu,"Jalan Tengku Mohamad, 21200 Kuala Terengganu, Terengganu",09-6227604 / 011-11780782,https://kkkualanerus.mypolycc.edu.my/,5.3409919,103.1020258,N12 Bukit Tunggal,P035 Kuala Nerus,22.0,0.1,7231
KKOM-100,Kolej Komuniti Kuala Terengganu Caw. Hulu Terengganu,KKKTCHT,IPTA,Kolej Komuniti,Kolej Komuniti,Terengganu,"No. 25-27, Blok C, Perkedaian Pekan Ajil, 21800 Ajil, Terengganu",09-6862510 / 011-11780782,https://kkhuluterengganu.mypolycc.edu.my/,5.081940743,103.0869363,N24 Ajil,P038 Hulu Terengganu,0.0,0.0,5708
KKOM-101,Kolej Komuniti Kuala Terengganu Cawangan Setiu,KKKTCS,IPTA,Kolej Komuniti,Kolej Komuniti,Terengganu,"Bangunan Wisma Sri Langkap, 21500 Sungai Tong, Terengganu",09-6572000 / 011-11780782,https://kksetiu.mypolycc.edu.my/,5.359071891,102.8859398,N07 Langkap,P034 Setiu,0.0,0.0,5624
IKBN-001,IKTBN Dusun Tua,IKBNDT,IPTA,ILKBS,IKTBN,Selangor,"Km 25, Dusun Tua, 43100 Hulu Langat, Selangor",03-90217100,https://kemahiran.kbs.gov.my/iktbndusuntua.html,3.1461918,101.8387829,N23 Dusun Tua,P101 Hulu Langat,7976.0,7.4,10611
IKBN-002,IKTBN Sepang,IKBNS,IPTA,ILKBS,IKTBN,Selangor,"Bandar Baru Salak Tinggi, 43900 Sepang, Selangor",03-87061720,https://kemahiran.kbs.gov.my/iktbnsepang.html,2.8123434,101.7372806,N56 Sungai Pelek,P113 Sepang,8710.0,13.6,10895
IKBN-003,IKTBN Chembong,IKBNC,IPTA,ILKBS,IKTBN,Negeri Sembilan,"71300 Rembau, Negeri Sembilan",06-6857900,https://kemahiran.kbs.gov.my/iktbnchembong.html,2.5861196,102.0904135,N26 Chembong,P131 Rembau,2833.0,8.8,5771
IKBN-004,IKTBN Bukit Mertajam,IKBNBM,IPTA,ILKBS,IKTBN,Pulau Pinang,"Jalan Berapit,14000 Bukit Mertajam, Pulau Pinang",04-5225288   ,https://kemahiran.kbs.gov.my/iktbnbukitmertajam.html,5.3742966,100.4668989,N12 Penanti,P044 Permatang Pauh,378.0,1.2,6100
IKBN-005,IKTBN Alor Gajah,IKBNAG,IPTA,ILKBS,IKTBN,Melaka,"Km 34, Jalan Masjid Tanah, 78300 Masjid Tanah, Melaka",06-3851255,https://kemahiran.kbs.gov.my/iktbnalorgajah.html,2.3686056,102.0886808,N02 Tanjung Bidara,P134 Masjid Tanah,409.0,2.0,5812
IKBN-006,IKTBN Negara Pagoh,IKBNNP,IPTA,ILKBS,IKTBN,Johor,"Km 21, Jalan Panchor, 84500 Pagoh, Johor",06-9737836,https://kemahiran.kbs.gov.my/iktbnpagoh.html,2.134959999,102.7187691,N08 Bukit Pasir,P143 Pagoh,1908.0,3.7,6122
IKBN-007,IKTBN Temerloh,IKBNT,IPTA,ILKBS,IKTBN,Pahang,"Kampung Bongsu, 28500 Lanchang, Temerloh, Pahang",09-2805550,https://kemahiran.kbs.gov.my/iktbntemerloh.html,3.498147352,102.2279012,N31 Lanchang,P088 Temerloh,3635.0,9.8,4960
IKBN-008,IKTBN Bachok,IKBNB,IPTA,ILKBS,IKTBN,Kelantan,"Kampong Tangok, 16300 Bachok, Kelantan",09-7787700,https://kemahiran.kbs.gov.my/iktbnbachok.html,5.9907998,102.4078223,N21 Pantai Irama,P025 Bachok,110.0,0.2,4558
IKBN-009,IKSN Kuala Langat,IKBNKL,IPTA,ILKBS,IKSN,Selangor,"Jalan Sultan Abdul Samad, Kampung Sungai Raba, 42700 Banting, Selangor",03-31802128,https://kemahiran.kbs.gov.my/iksnkualalangat.html,2.820673212,101.471673,N53 Morib,P112 Kuala Langat,6148.0,12.2,8965
IKBN-010,IKBN Peretak,IKBNP,IPTA,ILKBS,IKBN,Selangor,"Jalan Ampang Pecah, 44000 Kuala Kubu Bharu, Selangor",03-60996000,https://kemahiran.kbs.gov.my/ikbnperetak.html,3.5457114,101.6584074,N06 Kuala Kubu Baharu,P094 Hulu Selangor,8439.0,18.2,7212
IKBN-011,IKBN Seri Iskandar,IKBNSI,IPTA,ILKBS,IKBN,Perak,"32600 Bota, Perak",05-3711101,https://kemahiran.kbs.gov.my/ikbnseriiskandar.html,4.348422,100.8828095,N40 Bota,P069 Parit,864.0,1.8,6650
IKBN-012,IKBN Naka,IKBNN,IPTA,ILKBS,IKBN,Kedah,"Mukim Tekai, Pekan Naka, Kedah",04-7993000,https://kemahiran.kbs.gov.my/ikbnnaka.html,6.129616037,100.6709661,N08 Pedu,P007 Padang Terap,30.0,0.1,4222
IKBN-013,IKBN Jitra,IKBNJ,IPTA,ILKBS,IKBN,Kedah,"Km 23, Jalan Changloon, 06000 Jitra, Kedah",04-9174676,https://kemahiran.kbs.gov.my/ikbnjitra.html,6.30188568,100.4198359,N06 Jitra,P006 Kubang Pasu,2963.0,3.2,7300
IKBN-014,IKBN Kuala Perlis,IKBNKP,IPTA,ILKBS,IKBN,Perlis,"Jalan Bukit Kubu, 02000 Kuala Perlis, Perlis",04-9855985,https://kemahiran.kbs.gov.my/ikbnkualaperlis.html,6.399954736,100.14433,N09 Kuala Perlis,P002 Kangar,38.0,0.2,5129
IKBN-015,IKBN Tanah Merah,IKBNTM,IPTA,ILKBS,IKBN,Kelantan,"Jalan Bukit Panau, Tanah Merah, Kelantan",09-9509900,https://kemahiran.kbs.gov.my/ikbntanahmerah.html,5.8768225,102.155174,N26 Bukit Panau,P027 Tanah Merah,66.0,0.1,5088
IKBN-016,IKBN Wakaf Tapai,IKBNWT,IPTA,ILKBS,IKBN,Terengganu,"Km 24, Jalan Kuala Terengganu-Kuala Berang, 21040, Marang, Terengganu",09-6806000,https://kemahiran.kbs.gov.my/ikbnwakaftapai.html,5.150126686,103.0800173,N20 Pengkalan Berangan,P037 Marang,0.0,0.0,5306
IKBN-017,IKBN Kemasik,IKBNK,IPTA,ILKBS,IKBN,Terengganu,"Km 19, Jalan Kemaman-Dungun, 24200 Kemasik Kemaman, Terengganu",09-8664500,https://kemahiran.kbs.gov.my/ikbnkemasik.html,4.4352949,103.4515704,N29 Kemasik,P040 Kemaman,37.0,0.1,10913
IKBN-018,IKBN Pekan,IKBNPE,IPTA,ILKBS,IKBN,Pahang,"Km 55, Jalan Kuantan-Segamat, 26650 Pekan, Pahang",09-4514888,https://kemahiran.kbs.gov.my/ikbnpekan.html,3.4696874,103.0966946,N23 Chini,P085 Pekan,41.0,0.2,5587
IKBN-019,IKBN Bandar Penawar,IKBNBP,IPTA,ILKBS,IKBN,Johor,"Jalan Kejora Utama, 81930 Bandar Penawar, Johor",07-8221567,https://kemahiran.kbs.gov.my/ikbnbandarpenawar.html,1.5788577,104.210287,N38 Penawar,P157 Pengerang,193.0,0.5,7520
IKBN-020,IKBN Kinarut,IKBNKE,IPTA,ILKBS,IKBN,Sabah,"Jalan Limau Limauan, Kinarut, Sabah",088-755929,https://kemahiran.kbs.gov.my/ikbnkinarut.html,5.8041235,116.0247526,N28 Kawang,P175 Papar,47.0,0.1,5762
IKBN-021,IKBN Miri,IKBNM,IPTA,ILKBS,IKBN,Sarawak,"Jalan Permyjaya Utama, Bandar Baru Permyjaya, 98000 Miri, Sarawak",085-660714,https://kemahiran.kbs.gov.my/ikbnmiri.html,4.4523801,114.0439374,N75 Senadin,P219 Miri,366.0,0.3,7432
IJTM-001,Institut Teknikal Jepun Malaysia,JMTI,IPTA,ILJTM,JMTI,Pulau Pinang,"59, Lorong Perindustrian Bukit Minyak 15, Kawasan Perindustrian Bukit Minyak, 14100 Simpang Ampat, Pulau Pinang",604-5087800,https://www.jmti.gov.my,5.304281979,100.4465921,N17 Bukit Tengah,P046 Batu Kawan,7205.0,13.7,8140
IJTM-002,ADTEC JTM Kampus Kuala Lumpur,ILPKL,IPTA,ILJTM,ILP,WP Kuala Lumpur,"Jalan Kuchai Lama, 58200 Kuala Lumpur, WP Kuala Lumpur",03-79817495 / 7496,https://www.ilpkl.gov.my,3.092811177,101.6872901,P122 Seputeh,P122 Seputeh,34816.0,11.2,13489
IJTM-003,ADTEC JTM Kampus Ipoh,ILPIPOH,IPTA,ILJTM,ILP,Perak,"Kawasan Perindustrian Taman Meru, 30020 Ipoh, Perak",05-5277777 / 5597,https://www.ilpipoh.gov.my,4.646943,101.0713851,N23 Manjoi,P063 Tambun,13753.0,10.0,6669
IJTM-004,ADTEC JTM Kampus Taiping,ILPTAIPING,IPTA,ILJTM,ADTEC,Perak,"PT 15643, Kamunting Raya, Mukim Asam Kumbang, 34600 Kamunting, Taiping, Perak",05-8012601,https://www.adtectaiping.gov.my,4.865426082,100.7010548,N13 Kuala Sepetang,P059 Bukit Gantang,3133.0,7.2,4312
IJTM-005,ADTEC JTM Kampus Serian,ILPSERIAN,IPTA,ILJTM,ILP,Sarawak,"Lot 2262, Off Jalan Rahun Debak, 94700 Serian, Sarawak",082-874000,https://adtecserian.gov.my/,1.165743135,110.5621614,N23 Bukit Semuja,P199 Serian,43.0,0.2,6042
IJTM-006,ADTEC JTM Kampus Jerantut,ILPJERANTUT,IPTA,ILJTM,ADTEC,Pahang,"Km 9, Jalan Jerantut Temerloh, 27000 Jerantut, Pahang",09-2663391,https://www.adtecjerantut.gov.my/v5/,3.8101799,102.3728017,N11 Pulau Tawar,P081 Jerantut,202.0,0.7,4072
IJTM-007,ADTEC JTM Kampus Kuala Langat,ILPLANGAT,IPTA,ILJTM,ILP,Selangor,"Jalan Sultan Abdul Samad, 42700 Banting, Selangor",03-31204600,https://www.ilpkls.gov.my,2.8116219,101.4910423,N52 Banting,P112 Kuala Langat,10990.0,20.8,7609
IJTM-008,ADTEC JTM Kampus Perai,ILPPERAI,IPTA,ILJTM,ILP,Pulau Pinang,"Lorong Perusahaan Satu, Kawasan Perusahaan Perai, 13600 Perai, Pulau Pinang",04-3907269 / 7335,https://www.ilpperai.gov.my,5.374675204,100.3894279,N16 Perai,P046 Batu Kawan,6792.0,29.9,7751
IJTM-009,ADTEC JTM Kampus Kepala Batas,ILPKB,IPTA,ILJTM,ILP,Pulau Pinang,"Lot 2022, Jalan Tun Hamdan Sheikh Tahir, 13200 Kepala Batas, Pulau Pinang",04-5776100,https://www.ilpkbpp.gov.my,5.5177311,100.4454562,N02 Bertam,P041 Kepala Batas,1313.0,5.6,6237
IJTM-010,ADTEC JTM Kampus Selandar,ILPSELANDAR,IPTA,ILJTM,ILP,Melaka,"Lot 1468, Jalan Batang Melaka, 77500 Selandar, Melaka",06-5303000,https://www.ilpselandar.gov.my,2.4346437,102.3993933,N10 Asahan,P135 Alor Gajah,1500.0,9.9,6197
IJTM-011,ADTEC JTM Kampus Mersing,ILPMERSING,IPTA,ILJTM,ILP,Johor,"Km 16, Jalan Jemaluang, 86800 Mersing, Johor",07-7921700 / 1701,https://www.ilpmsg.gov.my,2.4243256,103.83595,N33 Tenggaroh,P154 Mersing,629.0,1.5,5445
IJTM-012,ADTEC JTM Kampus Kota Samarahan,ILPSAMARAHAN,IPTA,ILJTM,ILP,Sarawak,"Lot 249, Blok 14, Sarawak Natural Resource Park, 94300 Kota Samarahan, Sarawak",082-465100,https://www.ilpks.gov.my,1.492970826,110.4105965,N17 Stakan,P197 Kota Samarahan,364.0,0.5,7100
IJTM-013,ADTEC JTM Kampus Kota Kinabalu,ILPKINABALU,IPTA,ILJTM,ILP,Sabah,"Jalan 3, KKIP Selatan, 88460 Kota Kinabalu, Sabah",088-499825,https://www.ilpkk.gov.my,6.079210481,116.1560855,N16 Karambunai,P171 Sepanggar,655.0,0.5,6874
IJTM-014,ADTEC JTM Kampus Sandakan,ILPSANDAKAN,IPTA,ILJTM,ILP,Sabah,"Batu 5, Jalan Sibuga, 90000 Sandakan, Sabah",089-240500,https://www.ilpsdk.gov.my,5.8291803,118.0783705,N54 Karamunting,P185 Batu Sapi,123.0,0.6,4641
IJTM-015,ADTEC JTM Kampus Marang,ILPMARANG,IPTA,ILJTM,ILP,Terengganu,"Kampung Bukit Parit, 21600 Marang, Terengganu",09-6189000,https://www.ilpmrg.gov.my,5.149171645,103.157633,N20 Pengkalan Berangan,P037 Marang,0.0,0.0,5306
IJTM-016,ADTEC JTM Kampus Nibong Tebal,ILPTEBAL,IPTA,ILJTM,ILP,Pulau Pinang,"Jalan Bukit Panchor, 14300 Nibong Tebal, Pulau Pinang",04-5956000,https://www.ilpapnt.gov.my,5.1722495,100.4797482,N19 Jawi,P047 Nibong Tebal,8817.0,24.1,6292
IJTM-017,ADTEC JTM Kampus Kangar,ILPKANGAR,IPTA,ILJTM,ILP,Perlis,"Padang Behor Mukim Sena, 01000 Kangar, Perlis",04-9777400,https://www.ilpkangar.gov.my,6.427577179,100.2117206,N07 Sena,P002 Kangar,630.0,3.2,6598
IJTM-018,ADTEC JTM Kampus Bukit Katil,ADTECJTMKBK,IPTA,ILJTM,ILP,Melaka,"Lot 4345, Jalan Tun Telani, Mukim Bukit Katil, Hang Tuah Jaya, 75450 Ayer Keroh, Melaka",06-2320600,https://www.ilpmelaka.gov.my,2.240626485,102.2997595,N17 Bukit Katil,P137 Hang Tuah Jaya,2010.0,4.1,10616
IJTM-019,ADTEC JTM Kampus Pedas,ILPPEDAS,IPTA,ILJTM,ILP,Negeri Sembilan,"Jalan Pedas Linggi, 71400 Pedas, Negeri Sembilan",06-6853854 / 57 / 58,https://www.ilppedas.gov.my,2.6052494,102.0501437,N26 Chembong,P131 Rembau,2833.0,8.8,5771
IJTM-020,ADTEC JTM Kampus Tangkak,ILPTANGKAK,IPTA,ILJTM,ILP,Johor,"Km 43, Jalan Segamat, Sagil, 84900 Tangkak, Johor",06-9773800,https://www.ilptangkak.gov.my,2.2995527,102.5999134,N09 Gambir,P144 Ledang,1965.0,5.3,6151
IJTM-021,ADTEC JTM Kampus Pasir Gudang,ILPGUDANG,IPTA,ILJTM,ILP,Johor,"Jalan Gangsa, Kawasan Perindustrian Pasir Gudang, 81700 Pasir Gudang, Johor",07-2544170,https://www.ilppg.gov.my,1.4534815,103.9059027,N43 Permas,P159 Pasir Gudang,14331.0,7.6,7893
IJTM-022,ADTEC JTM Kampus Senai,ILPSENAI,IPTA,ILJTM,ILP,Johor,"10, Jalan Persiaran Teknologi, Taman Teknologi Johor, 81400 Senai, Johor",07-2544170,https://www.ilppg.gov.my,1.57695147,103.6484384,N52 Senai,P163 Kulai,9823.0,10.7,7772
IJTM-023,ADTEC JTM Kampus Miri,ILPMIRI,IPTA,ILJTM,ILP,Sarawak,"Lot 3226, Blok 6, Mukim Bandar Baru Permy Jaya, 98100 Miri, Sarawak",085-644384,https://www.ilpmiri.gov.my,4.494818473,114.0419488,N75 Senadin,P219 Miri,366.0,0.3,7432
IJTM-024,ADTEC JTM Kampus Labuan,ILPLABUAN,IPTA,ILJTM,ILP,WP Labuan,"Jalan Mohd Salleh, P.O. Box 80849, 87018 Labuan, WP Labuan",087-414911 / 7745,https://www.ilplabuan.gov.my,5.310101369,115.2276313,P166 Labuan,P166 Labuan,891.0,1.1,8319
IJTM-025,ADTEC JTM Kampus Bintulu,ILPBINTULU,IPTA,ILJTM,ADTEC,Sarawak,"Lot 903, PL957, Blok 37, Jln Bintulu-Sibu 97000, Bintulu, Sarawak",086-310111,https://www.adtecbintulu.my,3.125395397,113.0644409,N67 Jepak,P217 Bintulu,0.0,0.0,4986
IJTM-026,ADTEC JTM Kampus Shah Alam,ILPALAM,IPTA,ILJTM,ADTEC,Selangor,"No. 5934-1, Jalan Bukit Kemuning, Seksyen 32, 40460 Shah Alam, Selangor",03-51675888,https://www.adtecsa.gov.my,3.011086148,101.5101342,N49 Sungai Kandis,P111 Kota Raja,15367.0,10.7,11051
IJTM-027,ADTEC JTM Kampus Kulim,ILPKULIM,IPTA,ILJTM,ADTEC,Kedah,"Lot 635, Jalan Mahang, 09700 Karangan, Kulim, Kedah",04-4042975,https://www.adteckulim.gov.my,5.336026585,100.7463851,N35 Kulim,P018 Kulim-Bandar Baharu,10660.0,14.7,6126
IJTM-028,ADTEC JTM Kampus Jitra,ILPJITRA,IPTA,ILJTM,ILP,Kedah,"Bandar Darulaman, 06000 Jitra, Kedah",04-9161926,https://www.ilpjitra.gov.my,6.2436651,100.4203644,N06 Jitra,P006 Kubang Pasu,2963.0,3.2,7300
IJTM-029,ADTEC Melaka,ILPMELAKA,IPTA,ILJTM,ADTEC,Melaka,"Bandar Vendor Taboh Naning, 78000 Alor Gajah, Melaka",06-5527227,https://www.adtecmlk.gov.my,2.4596408,102.1691818,N05 Taboh Naning,P134 Masjid Tanah,867.0,5.2,5706
IJTM-030,ADTEC JTM Kampus Batu Pahat,ILPPAHAT,IPTA,ILJTM,ADTEC,Johor,"Km 8, Jalan Tanjung Laboh, 83000 Batu Pahat, Johor",07-4287722 / 7733,https://www.adtecbp.gov.my,1.8395453,102.9448473,N23 Penggaram,P150 Batu Pahat,1512.0,1.7,7483
IJTM-031,ADTEC JTM Kampus Kemaman,ILPKEMAMAN,IPTA,ILJTM,ADTEC,Terengganu,"Payoh, 24210 Kemasik,Terengganu",09-8664000,https://www.adteckmn.gov.my,4.376211565,103.3932633,N30 Kijal,P040 Kemaman,50.0,0.1,7908
IJTM-032,ADTEC JTM Kampus Kuantan,ILPKUANTAN,IPTA,ILJTM,ILP,Pahang,"Lot 10, Kawasan Perindustrian Gebeng, 26080 Kuantan, Pahang",09-5861660,https://www.ilpkuantan.gov.my,3.966279194,103.3742651,N12 Beserah,P082 Indera Mahkota,2348.0,2.1,6581
IJTM-033,ADTEC JTM Kampus Kuala Terengganu,ILPTERENGGANU,IPTA,ILJTM,ILP,Terengganu,"Kawasan Perindustrian Gong Badak, 21300 Kuala Terengganu, Terengganu",09-6652100,https://www.ilpkt.gov.my,5.395164717,103.0754548,N09 Tepuh,P035 Kuala Nerus,190.0,0.4,8166
IJTM-034,ADTEC JTM Kampus Kota Bharu,ILPBHARU,IPTA,ILJTM,ILP,Kelantan,"Pengkalan Chepa, 16100 Kota Bharu, Kelantan",09-7742448,https://www.ilpkb.gov.my,6.172658,102.293098,N06 Chempaka,P020 Pengkalan Chepa,241.0,0.5,5383
UNIV-001,Universiti Malaya,UM,IPTA,Universiti Awam,Penyelidikan,WP Kuala Lumpur,"Lembah Pantai, 50603 Kuala Lumpur, WP Kuala Lumpur",03-79677022,http://www.um.edu.my/,3.121847149,101.6569861,P121 Lembah Pantai,P121 Lembah Pantai,19051.0,13.8," RM13,081 "
UNIV-002,Universiti Sains Malaysia,USM,IPTA,Universiti Awam,Penyelidikan,Pulau Pinang,"11800 Minden, Pulau Pinang",04-6533888,http://www.usm.my/,5.355797221,100.3025455,N35 Batu Uban,P052 Bayan Baru,7900.0,10.3," RM9,430 "
UNIV-003,Universiti Kebangsaan Malaysia,UKM,IPTA,Universiti Awam,Penyelidikan,Selangor,"43600 Bangi, Selangor",03-89215555,http://www.ukm.my/,2.934719952,101.7803065,N26 Sungai Ramal,P102 Bangi,16327.0,6.6," RM11,127 "
UNIV-004,Universiti Putra Malaysia,UPM,IPTA,Universiti Awam,Penyelidikan,Selangor,"43400 Serdang, Selangor",03-89466000,http://www.upm.edu.my/,2.999658835,101.705609,N29 Seri Serdang,P103 Puchong,21395.0,9.4," RM9,589 "
UNIV-005,Universiti Teknologi Malaysia,UTM,IPTA,Universiti Awam,Penyelidikan,Johor,"81310 Skudai, Johor",07-5575960,http://www.utm.my/,1.55862897,103.6378276,N52 Senai,P163 Kulai,9823.0,10.7," RM7,772 "
UNIV-006,Universiti Islam Antarabangsa Malaysia,UIAM,IPTA,Universiti Awam,Komprehensif,Selangor,"Jalan Gombak, 53100 Gombak, Selangor",03-61964000,http://www.iiu.edu.my/,3.250464644,101.7345454,N17 Gombak Setia,P098 Gombak,11720.0,7.3," RM9,362 "
UNIV-007,Universiti Utara Malaysia,UUM,IPTA,Universiti Awam,Berfokus,Kedah,"06010 UUM Sintok, Kedah",04-9284000,http://www.uum.edu.my/,6.448658462,100.5097214,N05 Bukit Kayu Hitam,P006 Kubang Pasu,1887.0,2.6," RM5,710 "
UNIV-008,Universiti Malaysia Sarawak,UNIMAS,IPTA,Universiti Awam,Komprehensif,Sarawak,"Kota Samarahan, 93400 Kuching, Sarawak",082-581000,http://www.unimas.my/,1.465212149,110.4277018,N16 Muara Tuang,P197 Kota Samarahan,386.0,0.6," RM5,539 "
UNIV-009,Universiti Malaysia Sabah,UMS,IPTA,Universiti Awam,Komprehensif,Sabah,"Beg Berkunci 2073, 88899 Kota Kinabalu, Sabah",088-320000,http://www.ums.edu.my/,6.031006191,116.1166291,N16 Karambunai,P171 Sepanggar,655.0,0.5," RM6,874 "
UNIV-010,Universiti Pendidikan Sultan Idris,UPSI,IPTA,Universiti Awam,Berfokus,Perak,"Jalan Slim, 35900 Tanjung Malim, Perak",05-4596200,http://www.upsi.edu.my/,3.685600286,101.5248299,N59 Behrang,P077 Tanjong Malim,6033.0,9.0," RM5,587 "
UNIV-011,Universiti Sains Islam Malaysia,USIM,IPTA,Universiti Awam,Komprehensif,Negeri Sembilan,"Bandar Baru Nilai, 71800 Nilai, Negeri Sembilan",06-7988000,http://www.usim.edu.my/,2.844348341,101.7818388,N10 Nilai,P128 Seremban,19086.0,18.0," RM7,644 "
UNIV-012,Universiti Teknologi MARA,UiTM,IPTA,Universiti Awam,Komprehensif,Selangor,"40450 Shah Alam, Selangor",03-55442000,http://www.usim.edu.my/,3.069883042,101.5036394,N40 Kota Anggerik,P108 Shah Alam,20822.0,7.7," RM15,274 "
UNIV-013,Universiti Malaysia Terengganu,UMT,IPTA,Universiti Awam,Berfokus,Terengganu,"Mengabang Telipot, 21030 Kuala Terengganu, Terengganu",09-6693102,http://www.umt.edu.my/,5.407312662,103.0883632,N11 Seberang Takir,P035 Kuala Nerus,295.0,0.7," RM8,073 "
UNIV-014,Universiti Tun Hussein Onn Malaysia,UTHM,IPTA,Universiti Awam,Teknikal,Johor,"Beg Berkunci 101, Parit Raja, 86400 Batu Pahat, Johor",07-4537000,http://www.uthm.edu.my/,1.857335659,103.0820477,N22 Parit Raja,P149 Sri Gading,2145.0,2.5," RM8,721 "
UNIV-015,Universiti Teknikal Malaysia Melaka,UTeM,IPTA,Universiti Awam,Teknikal,Melaka,"Hang Tuah Jaya 76100 Durian Tunggal, Melaka",06-5552000,http://www.utem.edu.my/,2.313872036,102.3210413,N09 Durian Tunggal,P135 Alor Gajah,3670.0,7.4," RM8,357 "
UNIV-016,Universiti Malaysia Pahang Al-Sultan Abdullah,UMPSA,IPTA,Universiti Awam,Teknikal,Pahang,"Beg Berkunci 12, 25500 Kuantan, Pahang",09-5492501,http://www.ump.edu.my/,3.722902393,103.1205646,N18 Lepar,P084 Paya Besar,1025.0,2.2," RM6,184 "
UNIV-017,Universiti Malaysia Perlis,UniMAP,IPTA,Universiti Awam,Teknikal,Perlis,"Tkt. 11, Bangunan KWSP, Jalan Bukit Lagi, 01000 Kangar, Perlis", 04-9798008,http://www.unimap.edu.my/,6.462252859,100.3529353,N11 Pauh,P003 Arau,1850.0,4.7," RM5,805 "
UNIV-018,Universiti Sultan Zainal Abidin,UniSZA,IPTA,Universiti Awam,Komprehensif,Terengganu,"Canseleri Kampus Kota, Jalan Sultan Mahmud, 20400 Kuala Terengganu, Terengganu",09-6220707,http://www.unisza.edu.my/,5.399119608,103.0772975,N09 Tepuh,P035 Kuala Nerus,190.0,0.4," RM8,166 "
UNIV-019,Universiti Malaysia Kelantan,UMK,IPTA,Universiti Awam,Berfokus,Kelantan,"Karung Berkunci 36, 16100 Pengkalan Chepa, Kelantan",09-7717000,http://www.umk.edu.my/,6.007783681,102.4011534,N21 Pantai Irama,P025 Bachok,110.0,0.2," RM4,558 "
UNIV-020,Universiti Pertahanan Nasional Malaysia,UPNM,IPTA,Universiti Awam,Berfokus,WP Kuala Lumpur,"Kem Sungai Besi, 57000 Kuala Lumpur, WP Kuala Lumpur",03-90513400,http://www.upnm.edu.my/,3.052985521,101.7233794,P124 Bandar Tun Razak,P124 Bandar Tun Razak,15410.0,8.3," RM11,266 "
